as_name,as_domain,network_type,countries,unique_ips,sessions,total_pageviews,top_topic,total_intent,high_intent_visits,product_visits,customer_proof_visits,first_seen,last_seen
"AT&T Enterprises, LLC",att.com,Unknown / Potential Enterprise,United States,9,13,100,Other,252,13,20,3,2025-02-01 09:12:39,2025-02-21 19:39:41
PCCW Global (HK) Ltd.,pccwglobal.com,Unknown / Potential Enterprise,Hong Kong,7,64,101,Other,160,6,8,12,2025-02-01 05:55:07,2025-02-24 05:52:50
Smart Technology LLC,intel-port.ru,Unknown / Potential Enterprise,Russia,1,41,95,AI Knowledge,114,9,0,0,2025-02-01 00:28:47,2025-02-09 02:31:30
"ZSCALER, INC.",zscaler.com,Unknown / Potential Enterprise,"India, United States",3,4,42,Other,108,5,8,0,2025-02-04 23:04:00,2025-02-24 06:37:19
Reliance Jio Infocomm Limited,jio.com,Unknown / Potential Enterprise,India,3,4,32,Other,87,6,3,3,2025-02-07 11:46:54,2025-02-24 15:45:11
"Alibaba (US) Technology Co., Ltd.",alibabagroup.com,Unknown / Potential Enterprise,"Hong Kong, Singapore",2,12,33,Products,77,0,13,0,2025-02-20 04:12:12,2025-02-24 10:53:36
,,Unknown / Potential Enterprise,"Hong Kong, India, United States",3,15,63,Other,73,1,11,0,2025-02-02 00:44:22,2025-02-24 19:08:41
CATO NETWORKS LTD,catonetworks.com,Unknown / Potential Enterprise,Hong Kong,1,1,30,Customer Success,68,0,0,17,2025-02-20 03:58:00,2025-02-20 04:06:56
Plusnet GmbH,plusnet.de,Unknown / Potential Enterprise,Germany,1,4,29,Other,67,4,5,0,2025-02-21 08:57:28,2025-02-21 14:36:30
"Blue Cross and Blue Shield of Massachusetts, Inc.",bluecrossma.com,Unknown / Potential Enterprise,United States,1,2,13,Other,64,3,6,1,2025-02-06 07:41:19,2025-02-06 08:30:16
Space Exploration Technologies Corporation,spacex.com,Unknown / Potential Enterprise,"Ukraine, United States",2,8,15,AI Knowledge,60,3,6,0,2025-02-04 13:59:33,2025-02-05 20:02:47
"Charter Communications, Inc",chartercom.com,Unknown / Potential Enterprise,United States,1,28,28,Thought Leadership,56,0,0,0,2025-02-01 00:41:05,2025-02-24 12:14:34
O2SWITCH SAS,o2switch.fr,Unknown / Potential Enterprise,France,1,10,10,Products,50,0,10,0,2025-02-20 02:41:16,2025-02-24 23:39:21
Tata Teleservices Maharashtra Ltd,tataindicom.com,Unknown / Potential Enterprise,India,2,6,29,Other,49,1,7,0,2025-02-04 21:00:13,2025-02-21 15:37:45
SECURED SERVERS LLC,securedservers.com,Unknown / Potential Enterprise,United States,2,24,27,Other,44,3,2,0,2025-02-03 15:49:12,2025-02-24 23:26:40
Vocus Connect International Backbone,vocus.com.au,Unknown / Potential Enterprise,Australia,1,1,15,Other,44,3,2,1,2025-02-03 05:05:49,2025-02-03 05:43:13
Nearoute Limited.,nearoute.io,Unknown / Potential Enterprise,Hong Kong,1,1,13,Customer Success,42,2,0,5,2025-02-06 07:27:32,2025-02-06 07:36:38
"Bharti Airtel Ltd., Telemedia Services",airtel.in,Unknown / Potential Enterprise,India,1,1,10,Other,33,1,3,2,2025-02-08 09:26:20,2025-02-08 09:29:27
Rogers Communications Canada Inc.,rogers.com,Unknown / Potential Enterprise,Canada,1,1,6,Commercial Intent,30,2,2,0,2025-02-01 03:24:25,2025-02-01 03:28:14
Telstra Limited,telstra.com.au,Unknown / Potential Enterprise,Australia,1,1,6,Other,30,3,0,0,2025-02-06 04:34:45,2025-02-06 04:48:58
"LUMOS Networks, Inc.",segra.com,Unknown / Potential Enterprise,United States,1,1,5,Commercial Intent,30,2,2,0,2025-02-24 19:46:38,2025-02-24 19:48:30
Emirates Internet,emirates.net.ae,Unknown / Potential Enterprise,United Arab Emirates,1,1,7,Other,30,3,0,0,2025-02-06 10:01:42,2025-02-06 10:07:03
AFRIHOST SP (PTY) LTD,afrihost.com,Unknown / Potential Enterprise,South Africa,1,2,3,Commercial Intent,30,3,0,0,2025-02-04 07:34:16,2025-02-04 10:37:55
Advanced Wireless Network Company Limited,3bb.co.th,Unknown / Potential Enterprise,Thailand,1,2,6,Commercial Intent,30,2,2,0,2025-02-03 15:11:44,2025-02-05 05:07:20
Hutchison Drei Austria GmbH,drei.at,Unknown / Potential Enterprise,Austria,1,1,5,Commercial Intent,30,3,0,0,2025-02-24 09:32:21,2025-02-24 09:34:57
Bharti Airtel Ltd. AS for GPRS Service,airtel.com,Unknown / Potential Enterprise,India,1,1,12,Other,30,3,0,0,2025-02-06 15:26:16,2025-02-06 15:33:10
Hathway IP Over Cable Internet,hathway.net,Unknown / Potential Enterprise,India,1,1,5,Commercial Intent,30,3,0,0,2025-02-06 06:06:15,2025-02-06 06:07:37
Charter Communications LLC,charter.com,Unknown / Potential Enterprise,United States,1,3,19,Other,27,0,5,0,2025-02-03 17:45:08,2025-02-06 05:32:22
A1 Bulgaria EAD,a1.bg,Unknown / Potential Enterprise,Bulgaria,1,1,15,Knowledge Management,26,0,4,0,2025-02-05 06:32:36,2025-02-05 07:45:28
Cox Communications Inc.,cox.com,Unknown / Potential Enterprise,United States,1,6,25,Other,26,0,4,0,2025-02-21 16:14:13,2025-02-25 00:03:58
Skyline Telephone,skybest.com,Unknown / Potential Enterprise,United States,1,2,13,Knowledge Management,25,0,5,0,2025-02-01 00:39:40,2025-02-04 15:11:54
GlobalConnect A/S,globalconnect.dk,Unknown / Potential Enterprise,Denmark,1,1,5,Other,25,2,1,0,2025-02-21 10:28:57,2025-02-21 10:31:17
"DigitalOcean, LLC",digitalocean.com,Unknown / Potential Enterprise,United States,1,4,12,Other,24,0,0,6,2025-02-03 18:51:55,2025-02-04 20:39:26
Internal Revenue Service,irs.gov,Unknown / Potential Enterprise,United States,1,9,20,Other,24,0,4,1,2025-02-03 12:12:13,2025-02-07 14:41:30
Limerick Technologies Pvt Ltd,limericktechnologies.com,Unknown / Potential Enterprise,India,1,4,30,Other,23,0,3,0,2025-02-21 20:22:48,2025-02-24 12:44:52
"Aeris Communications, INC.",aeris.com,Unknown / Potential Enterprise,United States,1,13,36,Other,23,0,3,2,2025-02-04 02:15:59,2025-02-24 12:42:51
Leaptel,leaptel.com.au,Unknown / Potential Enterprise,Australia,1,18,43,Other,23,0,3,2,2025-02-01 05:59:59,2025-02-24 16:22:14
"TM International Bangladesh Ltd.Internet service Provider,Gulshan-1,Dhaka-1212",robi.com.bd,Unknown / Potential Enterprise,Bangladesh,1,1,7,Other,22,1,0,2,2025-02-05 20:37:15,2025-02-05 20:40:03
"QuickPacket, LLC",quickpacket.com,Unknown / Potential Enterprise,United States,1,14,16,Other,22,1,2,0,2025-02-01 18:29:54,2025-02-24 17:05:42
"Horry Telephone Cooperative, Inc.",htcinc.net,Unknown / Potential Enterprise,United States,1,15,30,AI Knowledge,22,2,0,0,2025-02-03 10:07:16,2025-02-24 21:12:10
Uninet S.A. de C.V.,telmex.com,Unknown / Potential Enterprise,Mexico,1,3,7,Other,22,2,0,0,2025-02-07 17:45:33,2025-02-21 15:33:27
