ip,sessions,total_intent,total_pageviews,high_intent_visits,product_visits,customer_proof_visits,asn,as_name,as_domain,country,network_type
252d7289e8ca,25,330,53,31,0,0,AS202425,Account 029,account-029.example,The Netherlands,Hosting / Cloud
e237565eb500,8,187,49,1,35,0,AS199741,Account 057,account-057.example,United Kingdom,Hosting / Cloud
4b7181928c56,3,176,48,12,0,0,AS51167,Account 019,account-019.example,France,Hosting / Cloud
fd08c41a6343,11,160,44,15,2,0,AS5617,Account 039,account-039.example,Poland,Consumer ISP
ffe96b3da7cb,10,150,36,13,4,0,AS39603,Account 041,account-041.example,Poland,Consumer ISP
95d55b79650d,1,130,15,13,0,0,AS396982,Account 025,account-025.example,United States,Hosting / Cloud
3fbc4cfdd6e0,13,118,25,10,0,0,AS16509,Account 007,account-007.example,United States,Hosting / Cloud
0553eb8f0de9,41,114,95,9,0,0,AS35526,Account 050,account-050.example,Russia,Unknown / Potential Enterprise
2060af8bb646,9,110,29,11,0,0,AS12912,Account 052,account-052.example,Poland,Consumer ISP
3cd68abb67fe,17,100,18,10,0,0,AS60781,Account 033,account-033.example,The Netherlands,Hosting / Cloud
cb96860ca83d,13,100,14,10,0,0,AS60781,Account 033,account-033.example,The Netherlands,Hosting / Cloud
f56949815455,2,90,56,8,2,0,AS8075,Account 035,account-035.example,Ireland,Hosting / Cloud
feafb5ed2eaf,2,82,61,4,0,0,AS62240,Account 017,account-017.example,United States,Hosting / Cloud
d68f9de1dc8f,12,80,26,5,2,5,AS7922,Account 018,account-018.example,United States,Consumer ISP
80127321856d,12,80,12,8,0,0,AS60781,Account 033,account-033.example,The Netherlands,Hosting / Cloud
f44362b0b9a8,11,80,13,8,0,0,AS60781,Account 033,account-033.example,The Netherlands,Hosting / Cloud
3f23f30df6e3,1,77,46,0,13,0,AS396982,Account 025,account-025.example,United States,Hosting / Cloud
6a599c6f5242,16,70,17,7,0,0,AS60781,Account 033,account-033.example,The Netherlands,Hosting / Cloud
9c0dbde79486,1,68,30,0,0,17,AS13150,Account 011,account-011.example,Hong Kong,Unknown / Potential Enterprise
a5ad807f1cf8,4,67,29,4,5,0,AS20676,Account 043,account-043.example,Germany,Unknown / Potential Enterprise
a35b0a247687,2,66,58,3,0,0,AS62240,Account 017,account-017.example,United States,Hosting / Cloud
7c70b09fb4cc,1,65,17,5,3,0,AS13335,Account 016,account-016.example,Canada,Hosting / Cloud
910f837be9ab,2,64,53,5,0,0,AS62240,Account 017,account-017.example,United States,Hosting / Cloud
f13c34e10006,32,64,66,5,0,0,AS396982,Account 025,account-025.example,United States,Hosting / Cloud
0c23a740b5cd,2,64,13,3,6,1,AS32165,Account 010,account-010.example,United States,Unknown / Potential Enterprise
04f722c7fa32,2,62,49,3,0,0,AS62240,Account 017,account-017.example,United States,Hosting / Cloud
f7caa62f655c,2,60,55,3,0,0,AS62240,Account 017,account-017.example,United States,Hosting / Cloud
2b1babe47e0f,16,60,16,6,0,0,AS60781,Account 033,account-033.example,The Netherlands,Hosting / Cloud
b5a69f99858a,2,58,53,3,0,0,AS62240,Account 017,account-017.example,United States,Hosting / Cloud
05b2761f413b,2,58,63,3,0,0,AS62240,Account 017,account-017.example,United States,Hosting / Cloud
03d5f75b64b3,2,58,59,4,0,0,AS62240,Account 017,account-017.example,United States,Hosting / Cloud
2b05a02f1f95,2,58,46,4,0,0,AS62240,Account 017,account-017.example,United States,Hosting / Cloud
9f1baac58cfc,28,56,28,0,0,0,AS33363,Account 014,account-014.example,United States,Unknown / Potential Enterprise
df6eda14a943,2,56,49,4,0,0,AS62240,Account 017,account-017.example,United States,Hosting / Cloud
4b43157f5389,2,56,56,3,0,0,AS62240,Account 017,account-017.example,United States,Hosting / Cloud
888704cafdc8,10,55,19,0,11,0,AS45102,Account 006,account-006.example,Hong Kong,Unknown / Potential Enterprise
84d277a662f1,11,55,11,0,11,0,AS13335,Account 016,account-016.example,Switzerland,Hosting / Cloud
a32e6c8d5441,2,54,45,3,0,0,AS62240,Account 017,account-017.example,United States,Hosting / Cloud
3fce04cc8be0,2,54,52,3,0,0,AS62240,Account 017,account-017.example,United States,Hosting / Cloud
4752eb50c694,2,54,55,3,0,0,AS62240,Account 017,account-017.example,United States,Hosting / Cloud
e76f22480da8,2,54,53,3,0,0,AS62240,Account 017,account-017.example,United States,Hosting / Cloud
e4db7705d9dc,4,54,12,0,10,1,AS3215,Account 040,account-040.example,France,Consumer ISP
f150bd6b974d,2,50,59,3,0,0,AS62240,Account 017,account-017.example,United States,Hosting / Cloud
59dc760971f7,2,50,49,3,0,0,AS62240,Account 017,account-017.example,United States,Hosting / Cloud
a2b2d0f92dfc,26,50,34,5,0,0,AS16509,Account 007,account-007.example,India,Hosting / Cloud
15f4fa831582,10,50,10,0,10,0,AS50474,Account 037,account-037.example,France,Unknown / Potential Enterprise
f5072334a94b,8,50,8,5,0,0,AS60781,Account 033,account-033.example,The Netherlands,Hosting / Cloud
c0a72140a9fe,2,48,41,3,0,0,AS62240,Account 017,account-017.example,United States,Hosting / Cloud
2e5501d57a31,2,48,29,2,2,0,AS53813,Account 063,account-063.example,India,Unknown / Potential Enterprise
a36598e0f324,2,48,50,3,0,0,AS62240,Account 017,account-017.example,United States,Hosting / Cloud
4e5a550ca772,2,46,61,1,0,0,AS62240,Account 017,account-017.example,United States,Hosting / Cloud
fe3b36d89c97,1,44,15,3,2,1,AS4826,Account 060,account-060.example,Australia,Unknown / Potential Enterprise
afe10c4bbecc,2,44,49,2,0,0,AS62240,Account 017,account-017.example,United States,Hosting / Cloud
cf11bd2f9b8d,1,44,25,3,2,1,AS3209,Account 061,account-061.example,Germany,Consumer ISP
8494609d5760,1,42,13,2,0,5,AS147293,Account 036,account-036.example,Hong Kong,Unknown / Potential Enterprise
b0f4f16c7fb6,2,42,48,2,0,0,AS62240,Account 017,account-017.example,United States,Hosting / Cloud
0f0dd463e928,2,42,56,2,0,0,AS62240,Account 017,account-017.example,United States,Hosting / Cloud
faf991913eed,2,42,42,3,0,0,AS62240,Account 017,account-017.example,United States,Hosting / Cloud
581be9a8c400,2,42,54,2,0,0,AS62240,Account 017,account-017.example,United States,Hosting / Cloud
cfcf9e14a32a,2,42,62,1,0,0,AS62240,Account 017,account-017.example,United States,Hosting / Cloud
e2325105ecf6,2,42,47,2,0,0,AS62240,Account 017,account-017.example,United States,Hosting / Cloud
a46c647891ac,2,42,50,2,0,0,AS62240,Account 017,account-017.example,United States,Hosting / Cloud
05a44147d2ed,1,40,5,4,0,0,AS7418,Account 053,account-053.example,Chile,Consumer ISP
e348b3e0cdf3,2,40,57,1,0,0,AS62240,Account 017,account-017.example,United States,Hosting / Cloud
d350b52a29b4,19,40,51,1,2,3,AS33651,Account 018,account-018.example,United States,Consumer ISP
3d9078f69dd9,33,40,73,0,8,0,AS132892,Account 016,account-016.example,United States,Hosting / Cloud
e17fc4f16e6f,2,40,7,4,0,0,AS7018,Account 003,account-003.example,United States,Unknown / Potential Enterprise
8932c861eee9,9,40,9,4,0,0,AS60781,Account 033,account-033.example,The Netherlands,Hosting / Cloud
921fe8038245,14,40,15,4,0,0,AS60781,Account 033,account-033.example,The Netherlands,Hosting / Cloud
87ce0470be1b,1,40,11,4,0,0,AS14618,Account 007,account-007.example,United States,Hosting / Cloud
cc29dc212aa9,1,39,12,2,3,1,AS15924,Account 062,account-062.example,Turkey,Consumer ISP
29b9ecf2f9fb,2,38,57,1,0,0,AS62240,Account 017,account-017.example,United States,Hosting / Cloud
e10de8768aa8,2,38,54,1,0,0,AS62240,Account 017,account-017.example,United States,Hosting / Cloud
c12649fdcfa4,2,38,38,2,0,0,AS62240,Account 017,account-017.example,United States,Hosting / Cloud
fa6dc702b230,8,37,67,1,3,1,AS4134,Account 012,account-012.example,China,Consumer ISP
377d4a155dee,26,37,31,2,3,0,AS15169,Account 025,account-025.example,United States,Hosting / Cloud
a215fcabf5cf,12,36,54,0,0,0,AS16509,Account 007,account-007.example,United States,Hosting / Cloud
48e746fe8a9c,1,35,9,1,5,0,AS22616,Account 063,account-063.example,United States,Unknown / Potential Enterprise
d18dcb3eb836,35,35,42,2,3,0,AS15169,Account 025,account-025.example,United States,Hosting / Cloud
9ffa79a20397,4,35,7,0,7,0,AS7922,Account 018,account-018.example,United States,Consumer ISP
7408e9d4f0e5,2,34,55,1,0,0,AS62240,Account 017,account-017.example,United States,Hosting / Cloud
3a465057d6b0,2,34,50,1,0,0,AS62240,Account 017,account-017.example,United States,Hosting / Cloud
49c88cb9e8f0,5,34,18,1,4,1,AS7922,Account 018,account-018.example,United States,Consumer ISP
644cadca2dec,1,34,5,3,0,1,AS7922,Account 018,account-018.example,United States,Consumer ISP
320de4e72960,35,34,41,0,6,0,AS15169,Account 025,account-025.example,United Kingdom,Hosting / Cloud
af560f1871af,6,34,38,0,2,1,AS7922,Account 018,account-018.example,United States,Consumer ISP
ad293238c1e8,9,34,14,2,2,0,AS51167,Account 019,account-019.example,Germany,Hosting / Cloud
e879cb70c43e,1,33,10,1,3,2,AS24560,Account 009,account-009.example,India,Unknown / Potential Enterprise
eb04f2b73732,29,32,31,0,4,1,AS15169,Account 025,account-025.example,United Kingdom,Hosting / Cloud
7f2fecd8f349,2,32,62,1,0,0,AS62240,Account 017,account-017.example,United States,Hosting / Cloud
df0244cd61be,2,32,47,1,0,0,AS62240,Account 017,account-017.example,United States,Hosting / Cloud
d0958e0fcf21,2,32,52,0,0,0,AS62240,Account 017,account-017.example,United States,Hosting / Cloud
33f4041a5f45,12,32,14,0,6,0,AS15169,Account 025,account-025.example,Egypt,Hosting / Cloud
887960149da0,33,31,41,0,5,0,AS15169,Account 025,account-025.example,United Kingdom,Hosting / Cloud
649d6e235427,1,30,11,2,2,0,AS14618,Account 007,account-007.example,United States,Hosting / Cloud
5aead43d94c7,2,30,8,3,0,0,AS14593,Account 051,account-051.example,United States,Unknown / Potential Enterprise
468485c2fdc5,6,30,7,0,6,0,AS14593,Account 051,account-051.example,Ukraine,Unknown / Potential Enterprise
8c7927d9b2e3,1,30,14,0,6,0,AS14618,Account 007,account-007.example,United States,Hosting / Cloud
88fa08f911a5,9,30,34,0,0,0,AS14618,Account 007,account-007.example,United States,Hosting / Cloud
39a28855a486,1,30,6,2,2,0,AS812,Account 046,account-046.example,Canada,Unknown / Potential Enterprise
aa1c480f58f4,6,30,17,2,2,0,AS701,Account 059,account-059.example,United States,Consumer ISP
5ed8df05578c,1,30,4,3,0,0,AS7018,Account 003,account-003.example,United States,Unknown / Potential Enterprise
71e127aa0739,1,30,6,3,0,0,AS16276,Account 038,account-038.example,United Kingdom,Hosting / Cloud
f89a48fd275d,2,30,58,1,0,0,AS62240,Account 017,account-017.example,United States,Hosting / Cloud
d1d8b7681477,2,30,55,1,0,0,AS62240,Account 017,account-017.example,United States,Hosting / Cloud
78e8eec96b40,1,30,7,3,0,0,AS55836,Account 045,account-045.example,India,Unknown / Potential Enterprise
d92951b02b8f,11,30,11,3,0,0,AS60781,Account 033,account-033.example,The Netherlands,Hosting / Cloud
bb814ef5bcf5,1,30,13,1,4,0,AS7018,Account 003,account-003.example,United States,Unknown / Potential Enterprise
6af9e8bf0615,1,30,5,2,2,0,AS7795,Account 031,account-031.example,United States,Unknown / Potential Enterprise
a632b822b994,1,30,5,3,0,0,AS8437,Account 028,account-028.example,Austria,Unknown / Potential Enterprise
ec1d560cf45d,2,30,6,2,2,0,AS45758,Account 004,account-004.example,Thailand,Unknown / Potential Enterprise
cfcdcd0996f4,1,30,18,0,6,0,AS7018,Account 003,account-003.example,United States,Unknown / Potential Enterprise
70594ca2bdb2,1,30,6,3,0,0,AS1221,Account 056,account-056.example,Australia,Unknown / Potential Enterprise
f4edb411f7a4,1,30,6,3,0,0,AS55836,Account 045,account-045.example,India,Unknown / Potential Enterprise
e936aa84f733,3,30,16,0,6,0,AS7922,Account 018,account-018.example,United States,Consumer ISP
195139bddb32,1,30,8,0,6,0,AS16509,Account 007,account-007.example,United Kingdom,Hosting / Cloud
2ed3c8932a10,1,30,7,3,0,0,AS5384,Account 023,account-023.example,United Arab Emirates,Unknown / Potential Enterprise
151cc51a702b,1,30,5,3,0,0,AS17488,Account 026,account-026.example,India,Unknown / Potential Enterprise
8625749f4c40,2,30,3,3,0,0,AS37611,Account 002,account-002.example,South Africa,Unknown / Potential Enterprise
55f433e2c462,4,30,16,0,6,0,AS16276,Account 038,account-038.example,France,Hosting / Cloud
e326d2a3e00d,7,30,47,0,6,0,,Unknown Account,unknown.example,India,Unknown / Potential Enterprise
fb33a16480b6,1,30,12,3,0,0,AS45609,Account 008,account-008.example,India,Unknown / Potential Enterprise
f7154a34c756,33,30,37,0,6,0,AS15169,Account 025,account-025.example,United States,Hosting / Cloud
c8cd4656ba07,7,30,11,3,0,0,AS16509,Account 007,account-007.example,United States,Hosting / Cloud
da48bd8957b8,8,30,10,0,6,0,AS15169,Account 025,account-025.example,Egypt,Hosting / Cloud
993ed9c4878b,5,29,16,2,1,1,AS7922,Account 018,account-018.example,United States,Consumer ISP
e09b1a5f68fd,37,29,49,0,3,0,AS15169,Account 025,account-025.example,Philippines,Hosting / Cloud
c700b17247d0,2,28,50,0,0,0,AS62240,Account 017,account-017.example,United States,Hosting / Cloud
edff7896c3a5,2,28,48,0,0,0,AS62240,Account 017,account-017.example,United States,Hosting / Cloud
e73719250efe,2,28,7,2,0,0,AS18126,Account 015,account-015.example,Japan,Consumer ISP
dcaee15306dc,10,27,19,1,1,3,AS3491,Account 042,account-042.example,Hong Kong,Unknown / Potential Enterprise
b6cf451ee40d,20,27,27,0,5,0,AS15169,Account 025,account-025.example,United Kingdom,Hosting / Cloud
0646417b37fb,2,27,12,0,5,0,AS7018,Account 003,account-003.example,United States,Unknown / Potential Enterprise
d05a89c40f2d,3,27,19,0,5,0,AS20115,Account 013,account-013.example,United States,Unknown / Potential Enterprise
0e5972fddffc,43,27,49,0,5,0,AS15169,Account 025,account-025.example,United States,Hosting / Cloud
ef66aa9cb777,3,27,8,2,1,0,AS7018,Account 003,account-003.example,United States,Unknown / Potential Enterprise
da731892a396,36,27,42,1,3,0,AS15169,Account 025,account-025.example,United States,Hosting / Cloud
f6de8e5c9c28,2,27,19,0,3,3,AS55836,Account 045,account-045.example,India,Unknown / Potential Enterprise
43c04ee1ea46,25,27,31,0,5,0,AS15169,Account 025,account-025.example,United States,Hosting / Cloud
cf9493200774,1,26,15,0,4,0,AS13124,Account 001,account-001.example,Bulgaria,Unknown / Potential Enterprise
c1ad261a72ee,2,26,57,2,0,0,AS62240,Account 017,account-017.example,United States,Hosting / Cloud
2a55db459626,6,26,25,0,4,0,AS22773,Account 020,account-020.example,United States,Unknown / Potential Enterprise
8169b24a021f,11,26,19,1,0,3,AS3491,Account 042,account-042.example,Hong Kong,Unknown / Potential Enterprise
f0642ae53505,1,26,15,2,0,0,AS10139,Account 049,account-049.example,Philippines,Consumer ISP
f30009504220,2,26,53,0,0,0,AS62240,Account 017,account-017.example,United States,Hosting / Cloud
20ca95e915fd,10,26,25,0,0,0,AS14618,Account 007,account-007.example,United States,Hosting / Cloud
11d929a20b27,2,26,46,1,0,0,AS62240,Account 017,account-017.example,United States,Hosting / Cloud
6bcfe2376928,1,25,4,2,1,0,AS22616,Account 063,account-063.example,United States,Unknown / Potential Enterprise
f2c34c0d0960,69,25,87,0,5,0,AS15169,Account 025,account-025.example,India,Hosting / Cloud
bd44d3fd78d6,2,25,8,0,5,0,AS701,Account 059,account-059.example,United States,Consumer ISP
0a87b9fefe08,66,25,79,2,1,0,AS15169,Account 025,account-025.example,India,Hosting / Cloud
71f6c94c4533,1,25,6,0,5,0,AS7922,Account 018,account-018.example,United States,Consumer ISP
2ae2faac76fa,2,25,13,0,5,0,AS23118,Account 048,account-048.example,United States,Unknown / Potential Enterprise
bd9f9d9721c6,31,25,38,0,5,0,AS15169,Account 025,account-025.example,United States,Hosting / Cloud
6c01cfee0e27,1,25,5,2,1,0,AS31027,Account 024,account-024.example,Denmark,Unknown / Potential Enterprise
af60d1d3bcd5,5,25,19,0,5,0,AS17762,Account 055,account-055.example,India,Unknown / Potential Enterprise
ab73d277f762,1,24,10,1,2,0,AS17762,Account 055,account-055.example,India,Unknown / Potential Enterprise
fd42d3956131,7,24,30,0,0,0,AS16509,Account 007,account-007.example,United States,Hosting / Cloud
ed0a487b4943,67,24,79,0,4,0,AS15169,Account 025,account-025.example,India,Hosting / Cloud
da257c98d902,5,24,19,2,0,1,AS7922,Account 018,account-018.example,United States,Consumer ISP
7cb9009919c9,9,24,20,0,4,1,AS30313,Account 030,account-030.example,United States,Unknown / Potential Enterprise
82481e9bb63a,1,24,4,2,0,0,AS14618,Account 007,account-007.example,United States,Hosting / Cloud
19833cadfcbe,2,24,4,2,0,0,AS16509,Account 007,account-007.example,United States,Hosting / Cloud
8f6b561a0f9c,4,24,12,0,0,6,AS14061,Account 022,account-022.example,United States,Unknown / Potential Enterprise
c18d94611449,9,23,14,1,1,2,AS3491,Account 042,account-042.example,Hong Kong,Unknown / Potential Enterprise
3846c478e354,1,23,15,0,3,2,AS7018,Account 003,account-003.example,United States,Unknown / Potential Enterprise
a5187925ad37,4,23,30,0,3,0,AS138311,Account 034,account-034.example,India,Unknown / Potential Enterprise
4b9248a259ad,18,23,43,0,3,2,AS134090,Account 032,account-032.example,Australia,Unknown / Potential Enterprise
b038836a5dea,1,23,16,1,1,1,AS7018,Account 003,account-003.example,United States,Unknown / Potential Enterprise
8480be8020b0,25,23,28,1,1,0,AS15169,Account 025,account-025.example,Philippines,Hosting / Cloud
5adda62e9f01,13,23,36,0,3,2,AS28852,Account 005,account-005.example,United States,Unknown / Potential Enterprise
d54bc698f05a,31,22,34,1,2,0,AS15169,Account 025,account-025.example,United States,Hosting / Cloud
b58a26c7ae29,36,22,37,0,4,0,AS15169,Account 025,account-025.example,United States,Hosting / Cloud
3162a05ed398,37,22,37,0,4,0,AS15169,Account 025,account-025.example,United States,Hosting / Cloud
197c2340f0c7,38,22,49,0,4,0,AS15169,Account 025,account-025.example,United States,Hosting / Cloud
6a238fc17964,23,22,26,0,4,0,AS15169,Account 025,account-025.example,United States,Hosting / Cloud
83cace37b8e2,34,22,75,1,0,3,AS16509,Account 007,account-007.example,Ireland,Hosting / Cloud
12193f5523d9,7,22,7,1,2,0,,Unknown Account,unknown.example,United States,Unknown / Potential Enterprise
d33850dcd4b6,14,22,16,1,2,0,AS46261,Account 044,account-044.example,United States,Unknown / Potential Enterprise
dc6dd5f77aeb,15,22,30,2,0,0,AS21565,Account 027,account-027.example,United States,Unknown / Potential Enterprise
51f65234e23e,2,22,14,0,2,0,AS45102,Account 006,account-006.example,Singapore,Unknown / Potential Enterprise
883b7f715f65,3,22,7,2,0,0,AS8151,Account 058,account-058.example,Mexico,Unknown / Potential Enterprise
4e5a2645ba43,1,22,7,1,0,2,AS24432,Account 054,account-054.example,Bangladesh,Unknown / Potential Enterprise
525fbfe7d660,1,22,7,2,0,0,AS7018,Account 003,account-003.example,United States,Unknown / Potential Enterprise
10b1ac129a08,32,22,40,0,4,0,AS15169,Account 025,account-025.example,United States,Hosting / Cloud
58c99f4f9144,15,22,17,2,0,0,AS19437,Account 047,account-047.example,United States,Unknown / Potential Enterprise
cc4a95597820,3,22,5,2,0,0,AS7922,Account 018,account-018.example,United States,Consumer ISP
ad66b1c572a7,21,22,45,1,0,0,AS396982,Account 025,account-025.example,United States,Hosting / Cloud
68779ef163b1,9,22,10,1,2,0,AS19437,Account 047,account-047.example,United States,Unknown / Potential Enterprise
47659322e837,1,22,10,0,4,0,AS7922,Account 018,account-018.example,United States,Consumer ISP
1dcf13cd2799,7,21,11,1,1,1,AS3491,Account 042,account-042.example,Hong Kong,Unknown / Potential Enterprise
5ad6d856aa67,1,21,9,0,3,0,,Unknown Account,unknown.example,Hong Kong,Unknown / Potential Enterprise
c549919753f8,7,21,11,1,1,1,AS3491,Account 042,account-042.example,Hong Kong,Unknown / Potential Enterprise
916dd2e30b7b,13,21,17,0,3,1,AS3491,Account 042,account-042.example,Hong Kong,Unknown / Potential Enterprise
4c0ab52dd347,7,21,10,1,1,1,AS3491,Account 042,account-042.example,Hong Kong,Unknown / Potential Enterprise
ada8874457d4,1,21,24,0,3,1,AS701,Account 059,account-059.example,United States,Consumer ISP
a2e54a292c6c,28,21,38,0,3,0,AS15169,Account 025,account-025.example,United States,Hosting / Cloud
b022c0e0cc79,1,21,9,1,1,1,AS139831,Account 021,account-021.example,Philippines,Consumer ISP
8ed6189c2e35,5,20,6,2,0,0,AS60781,Account 033,account-033.example,The Netherlands,Hosting / Cloud
d9a7c027f196,10,20,10,2,0,0,AS16276,Account 038,account-038.example,France,Hosting / Cloud
